,HLA,cluster
0,HLA-A*01:01,2
1,HLA-A*02:01,1
2,HLA-A*02:02,0
3,HLA-A*02:03,0
4,HLA-A*02:04,0
5,HLA-A*02:05,0
6,HLA-A*02:06,0
7,HLA-A*02:07,0
8,HLA-A*02:11,0
9,HLA-A*03:01,2
10,HLA-A*11:01,2
11,HLA-A*11:02,2
12,HLA-A*23:01,0
13,HLA-A*24:02,1
14,HLA-A*24:07,0
15,HLA-A*24:13,0
16,HLA-A*25:01,0
17,HLA-A*26:01,0
18,HLA-A*29:02,2
19,HLA-A*30:01,2
20,HLA-A*30:02,2
21,HLA-A*31:01,2
22,HLA-A*32:01,0
23,HLA-A*33:01,2
24,HLA-A*33:03,2
25,HLA-A*34:01,2
26,HLA-A*34:02,2
27,HLA-A*36:01,2
28,HLA-A*66:01,2
29,HLA-A*68:01,2
30,HLA-A*68:02,0
31,HLA-A*74:01,2
32,HLA-B*07:02,1
33,HLA-B*07:04,1
34,HLA-B*08:01,0
35,HLA-B*13:01,0
36,HLA-B*13:02,0
37,HLA-B*14:02,0
38,HLA-B*15:01,2
39,HLA-B*15:02,2
40,HLA-B*15:03,1
41,HLA-B*15:10,1
42,HLA-B*15:17,0
43,HLA-B*15:186,1
44,HLA-B*18:01,1
45,HLA-B*27:01,1
46,HLA-B*27:02,1
47,HLA-B*27:04,1
48,HLA-B*27:05,1
49,HLA-B*27:06,1
50,HLA-B*27:07,1
51,HLA-B*27:08,1
52,HLA-B*27:09,1
53,HLA-B*35:01,1
54,HLA-B*35:03,1
55,HLA-B*35:07,1
56,HLA-B*35:08,0
57,HLA-B*37:01,0
58,HLA-B*38:01,1
59,HLA-B*38:02,1
60,HLA-B*39:01,1
61,HLA-B*39:06,1
62,HLA-B*40:01,1
63,HLA-B*40:02,1
64,HLA-B*40:06,1
65,HLA-B*41:01,1
66,HLA-B*42:01,1
67,HLA-B*44:02,1
68,HLA-B*44:03,1
69,HLA-B*44:09,1
70,HLA-B*45:01,1
71,HLA-B*46:01,0
72,HLA-B*49:01,1
73,HLA-B*50:01,1
74,HLA-B*51:01,0
75,HLA-B*51:08,1
76,HLA-B*52:01,0
77,HLA-B*53:01,1
78,HLA-B*54:01,1
79,HLA-B*55:01,1
80,HLA-B*55:02,1
81,HLA-B*56:01,1
82,HLA-B*57:01,2
83,HLA-B*57:03,0
84,HLA-B*58:01,2
85,HLA-B*58:02,0
86,HLA-C*01:02,0
87,HLA-C*02:02,0
88,HLA-C*03:02,0
89,HLA-C*03:03,2
90,HLA-C*03:04,2
91,HLA-C*04:01,0
92,HLA-C*04:03,0
93,HLA-C*05:01,0
94,HLA-C*06:02,0
95,HLA-C*07:01,1
96,HLA-C*07:02,0
97,HLA-C*07:04,0
98,HLA-C*08:01,0
99,HLA-C*08:02,0
100,HLA-C*12:02,0
101,HLA-C*12:03,0
102,HLA-C*14:02,1
103,HLA-C*14:03,1
104,HLA-C*15:02,0
105,HLA-C*16:01,0
106,HLA-C*17:01,2
